"x","y","cor","algae","fish_com","fish_her","wave","tss","aspect_std_curv","curv","asp_cos","asp_sin","aspect_std","aspect","slopeslope","slope_240","slope","bathy"
15.95446,-88.28024,59.83,9.67,85,838,1.29418,132289,-2e-07,-2.1e-06,0.935914,0.35223,1.62e-05,69.4749985,1.76e-05,6.8449898,7.2855902,-32.4454994
15.9545,-88.2802,50.333333,11.666667,101.61117025,838.70309421,1.29445,132289,-1e-07,4.8e-06,0.935903,0.352258,1.76e-05,69.4749985,5e-06,6.9156299,7.2855802,-33.6427994
15.9695,-88.2985,24.666667,28,170.34936267,879.333843317,1.24295,25593.4003906,2e-07,-1e-06,-0.982639,-0.18553,6.8e-06,85.0095978,8.3e-06,4.1448302,2.74769,-13.3745003
15.96953,-88.29851,31.33,38.42,330,751,1.24295,25593.4003906,2e-07,-1e-06,-0.982639,-0.18553,6.8e-06,85.0095978,8.3e-06,4.1448302,2.74769,-13.3745003
16.0682,-88.3011,8,28,1681.11782319,2124.9944983,1.27386,551.9320068,0.23393,-0.0693391,-0.434924,0.900467,120.2949982,335.0299988,3.8548,6.6770101,3.3029101,-13.4425001
16.1041,-88.3299,43.833333,5.166667,1222.17627483,9859.2261368,1.1983401,789.3499756,0.63679,-0.656276,-0.648871,-0.760899,115.2669983,236.4839935,4.4414701,10.8640003,2.4365399,-1.75129
16.10412,-88.32987,27.915,17.71,669.5,2013.5,1.1983401,789.3499756,0.63679,-0.656276,-0.648871,-0.760899,115.2669983,236.4839935,4.4414701,10.8640003,2.4365399,-1.75129
16.1123,-88.256,21,16.166667,4346.58198101,1876.37935917,1.43643,47.3944016,-0.395492,0.505733,-9999,-9999,91.053299,-9999,-9999,3.36145,-9999,-9.9158897
16.1237,-88.3787,15.833333,17.666667,733.695102616,7041.1065615,1.05267,3989.2199707,-0.0937946,1.84316,-0.361117,-0.932521,51.8571014,148.8560028,13.6023998,4.29421,8.7495003,-10.4469995
16.12373,-88.37861,12.67,25.67,177,2298,1.05295,3989.2199707,-0.206493,0.689582,-0.263714,0.964601,63.2695999,127.5009995,9.2639599,4.3311601,10.5980997,-12.2901001
16.1506,-88.2429,12,8,854.340917992,9970.19888069,1.49612,34.1198006,0.0506747,1.27623,-0.984315,-0.176421,14.9471998,160.3990021,8.59764,4.0109701,6.86868,-3.40048
16.15346,-88.59153,NA,NA,547,1129,0.925784,515739,0.602143,1.80758,0.999968,-0.0079467,96.2067032,194.7709961,3.0803499,2.55252,3.3708701,-9.2650299
16.15347,-88.59154,3.17,25,46,472,0.925836,514597,0.433857,1.37508,0.925876,-0.377827,104.3050003,345.1879883,3.99422,2.5714099,3.5797701,-9.4646502
16.1548,-88.3729,15,16.125,538.5,1674,1.09681,6176.1601562,0.319224,0.507145,-0.200644,0.979664,29.7406998,77.1709976,10.0616999,2.75383,7.8311801,-9.2277899
16.1548,-88.3299,12.833333,15,488.718302164,1205.34421943,1.23764,1968.3599854,-0.339219,0.284904,0.716242,-0.697852,80.4475021,106.0419998,5.4800801,3.65501,2.8926301,-15.7009001
16.1595,-88.4102,20.833333,8.166667,160.145994121,3191.92300008,1.00014,16324.2001953,0.485321,1.0563999,0.801999,-0.597325,62.8955002,200.4219971,3.8843601,3.1578801,4.9605598,-9.0676003
16.15951,-88.41017,NA,NA,1680,6383,1.00014,16324.2001953,0.485321,1.0563999,0.801999,-0.597325,62.8955002,200.4219971,3.8843601,3.1578801,4.9605598,-9.0676003
16.15952,-88.41018,9.67,10.17,906,859,1.00014,16324.2001953,0.485321,1.0563999,0.801999,-0.597325,62.8955002,200.4219971,3.8843601,3.1578801,4.9605598,-9.0676003
16.1791,-88.34,38,0.666667,1037.45221935,5862.99393934,1.2259901,4418.8500977,0.160816,-0.0070653,-0.782769,0.622313,126.1220016,27.6026001,4.0173402,4.74575,0.303865,-3.15207
16.17913,-88.56444,NA,NA,2397,8839,0.92118,268329,0.114715,-0.127949,0.607942,-0.793981,15.8506002,105.8970032,2.1477301,2.7476599,3.11835,-2.4816599
16.17914,-88.56445,11.83,5.42,117,284,0.92118,268329,0.114715,-0.127949,0.607942,-0.793981,15.8506002,105.8970032,2.1477301,2.7476599,3.11835,-2.4816599
16.17925,-88.63641,16.5,9.58,52,664,0.983479,892308,-0.237871,0.633114,0.19375,-0.981051,84.8682022,136.8540039,7.61938,1.88247,3.6616499,-4.3137498
16.17925,-88.6364,NA,NA,6357,18715,0.983479,892308,-0.237871,0.633114,0.19375,-0.981051,84.8682022,136.8540039,7.61938,1.88247,3.6616499,-4.3137498
16.17936,-88.55684,10.17,4.17,800,5447.5,0.916819,238370,0.0915836,0.584366,0.885415,-0.464802,16.7315006,194.2949982,15.6011,2.6610999,5.6447301,-5.3141599
16.18874,-88.56981,NA,NA,9509,8436,0.931675,302316,0.540047,0.289378,-0.23441,0.972138,58.9376984,58.3560982,19.6205997,3.6289001,4.2988901,-6.5422902
16.18875,-88.56981,18,8.17,264,592,0.931675,302316,0.540047,0.289378,-0.23441,0.972138,58.9376984,58.3560982,19.6205997,3.6289001,4.2988901,-6.5422902
16.20152,-88.55112,NA,NA,4587,14750,0.931425,224910,0.188445,-0.0280264,0.877527,-0.479528,41.6493988,125.1640015,8.0499496,6.1592798,5.4110799,-1.29143
16.20153,-88.55112,15.33,10.17,1184,1146,0.931425,224910,0.188445,-0.0280264,0.877527,-0.479528,41.6493988,125.1640015,8.0499496,6.1592798,5.4110799,-1.29143
16.20594,-88.50809,16.33,9.83,2904.5,4997,0.929252,144928,-0.149539,-0.510511,-0.638086,-0.769965,81.7360001,249.0650024,3.2302699,3.09951,0.768932,-12.9514999
16.22111,-88.58796,9.67,15.67,1653,8983.5,0.968503,359783,-0.0223318,0.052466,-0.399836,0.916587,69.9184036,20.8316994,2.0220399,2.64937,1.15444,-3.7620399
16.2472,-88.176,16.17,20.42,490,1429,1.70228,-9999,-9999,-9999,-9999,-9999,-9999,-9999,-9999,3.32268,-9999,-9999
16.24728,-88.17989,15.67,17.33,316,248,1.69695,5.4769702,-0.100801,-0.0208053,0.169309,0.985563,84.2763977,196.1790009,6.8864598,2.4800999,5.22227,-5.4011698
16.33054,-88.34744,NA,NA,737,3829,1.37096,70066,0.162791,-0.925362,-0.969782,-0.243972,103.4940033,355.2460022,7.9885101,3.1547799,0.929999,-16.3754005
16.33055,-88.34744,11,7.58,81,631,1.37096,70066,0.162791,-0.925362,-0.969782,-0.243972,103.4940033,355.2460022,7.9885101,3.1547799,0.929999,-16.3754005
16.331,-88.1497,15.333333,10.166667,651.77455531,3731.02840887,1.84277,0,-0.110372,1.4371001,0.767886,0.640587,93.7993011,138.9250031,1.62159,2.79969,0.670499,-0.318359
16.3731,-88.0892,7.333333,42.833333,3072.32974875,1612.67222427,2.0095699,-9999,-9999,-9999,-9999,-9999,-9999,-9999,-9999,3.31586,-9999,-9999
16.4185,-88.0413,10.75,36.79,4.5,1300.5,2.1543801,0,-0.181527,-0.35552,0.808515,-0.588476,104.7080002,282.1140137,5.3151898,2.4539499,1.0805399,-6.5370498
16.4279,-88.206,6.833333,13.583333,231.214211104,2253.52231013,1.82731,0,0.415428,-0.348031,0.0330041,0.999455,19.6233006,164.901001,9.8995895,3.1593499,5.7144799,-11.1688004
16.42794,-88.20604,9.33,9.67,499,1063,1.8271,0,0.241965,-0.190849,0.590378,-0.807127,19.9909,149.8569946,8.7761698,3.1698401,6.4937301,-10.6668997
16.4438,-88.1978,7.333333,8.416667,284.552109562,7881.96770249,1.85729,0,0.174662,0.253519,-0.0696003,0.997575,103.0940018,328.3659973,0.437508,4.9417,3.0949099,-2.0723
16.44383,-88.19778,7.67,26.67,1175,900,1.85756,0,-0.021893,-0.055857,0.997313,-0.0732595,48.2685013,358.0679932,3.23487,4.95855,2.4665501,-2.5146101
16.45231,-88.04171,35,10,243,1921,2.1809499,0,0.0048616,-0.674712,0.793461,-0.608621,14.1969004,106.1600037,24.7481003,6.5162201,16.8656006,-9.0148497
16.4563,-88.2097,4.0833335,20.1266665,727.914044015,1731.36957625,1.8413301,5.45679,-0.12265,0.462426,0.845871,0.533387,76.5213013,113.6600037,3.6068799,4.1602001,2.30826,-15.7040997
16.45676,-88.2093,5.5,29.67,2339,2122,1.84267,5.3646202,0.691745,-0.166469,-0.898116,-0.439758,73.6302032,261.2080078,32.4482002,4.1284099,8.5843801,-7.7953701
16.4903,-88.3236,18.9744443333333,12.3322223333333,1113.51425103,1549.44481383,1.60813,104179,0.0161743,0.418752,-0.436444,0.899731,102.1230011,284.7659912,1.48241,3.8675699,2.57371,-1.19907
16.4953,-88.1685,10.7066665,7.665,248.843445539,1679.65744157,1.95338,0,0.305492,0.515704,-0.982513,-0.186193,35.6161003,242.0899963,6.6641002,3.7271399,2.49875,-6.4685502
16.5079,-87.9707,19.33,40.83,1027,629,2.2190199,0,-0.260498,-0.643457,0.645495,-0.763764,74.7029037,149.927002,2.9488101,2.81707,6.3140802,-9.8863201
16.51746,-88.19352,3.83,23.17,490,1648,1.91524,0,0.326229,1.29749,0.0917004,-0.995787,23.8115997,61.3529015,12.9317999,4.7027798,8.4003,-3.68226
16.5175,-88.1935,12.833333,6.5,478.954462588,2703.21654439,1.91524,0,0.326229,1.29749,0.0917004,-0.995787,23.8115997,61.3529015,12.9317999,4.7027798,8.4003,-3.68226
16.51861,-88.19308,2.17,7.92,38,1054,1.91682,0,-0.05347,0.50649,-0.302259,-0.953226,22.8523998,117.5029984,24.3670006,3.7866499,11.6374998,-11.4617004
16.5509,-88.1996,14.75,22.835,381.517119941,199.700565482,1.9208699,0,1.09747,0.0318137,0.838223,0.545328,48.1717987,145.0899963,33.6004982,5.2438698,3.9244299,-0.485077
16.558,-88.0507,14.391111,8.52777766666667,546.802769085,2961.24207127,2.18906,0,-0.388881,0.949565,0.922176,0.386772,11.1189003,157.477005,4.9723701,5.9804401,6.06282,-9.2722797
16.6034,-88.3342,3.333333,34.833333,92.7182551893,1135.41712921,1.68424,88559.296875,0.119689,0.330779,-0.641901,-0.766788,121.9919968,104.5459976,4.5349102,1.6584001,1.09594,-0.511813
16.6302,-88.2061,17,7.333333,1418.81008001,3786.8641423,1.9442199,203.447998,2.9532101,-0.422693,-0.166801,0.985991,56.7812996,77.1365967,14.1001997,13.243,22.559,-5.38588
16.64572,-88.0662,8.5,15.33,3338,2739,2.1570201,0,0.0328022,0.415897,0.0538596,0.998549,78.6287994,39.2159996,5.2856898,3.5472801,6.0750299,-6.1111698
16.6584,-88.0956,6.916667,27.416667,631.546751304,1123.38522609,2.13639,0,0.0684741,-0.0225474,-0.131814,-0.991274,20.6646004,130.2440033,19.4554005,3.80846,7.8536301,-5.8905301
16.72,-87.8387,28.001111,16.8066666666667,615.273355764,1445.73095245,2.63587,0,-0.22486,-4.8509102,0.905576,0.424183,37.0523987,138.6679993,23.6495991,6.3702102,13.8186998,-13.9482002
16.7365,-88.1485,7.333333,11.166667,318.365855737,912.733934131,2.1057701,10.6719999,0.17338,-0.141457,0.886371,0.462976,7.6777802,57.0299988,7.4333801,6.2828202,18.5049992,-6.6745601
16.73689,-87.80771,23.83,16,673,716,2.7741899,-9999,-9999,-9999,-9999,-9999,-9999,-9999,-9999,5.1184602,-9999,-9999
16.7369,-87.8077,23.166667,27.583333,314.531383127,2239.96258394,2.7741899,-9999,-9999,-9999,-9999,-9999,-9999,-9999,-9999,5.1184602,-9999,-9999
16.74339,-87.85077,23.25,14.58,376.5,1072.5,2.59358,0,0.605022,0.333906,0.17331,0.984867,23.5513992,302.9899902,25.1191006,3.88589,7.0723701,-2.7175601
16.7434,-87.8508,22.666667,5.166667,668.789239053,5838.3704743,2.59324,0,0.46588,-0.15813,0.709462,0.704744,23.2926998,308.6579895,21.0307999,3.8769701,10.6113005,-4.12889
16.75118,-87.8214,6.17,40.67,289,3199,2.7141199,0,-0.259905,-0.911885,0.464595,0.885523,9.5322399,233.5650024,7.2448301,4.54775,13.1331997,-5.5313702
16.75118,-87.82139,15.5,30.92,570,260,2.7141199,0,-0.259905,-0.911885,0.464595,0.885523,9.5322399,233.5650024,7.2448301,4.54775,13.1331997,-5.5313702
16.7512,-87.8214,15.333333,25.416667,1643.12255627,6858.72303597,2.7141199,0,-0.259905,-0.911885,0.464595,0.885523,9.5322399,233.5650024,7.2448301,4.54775,13.1331997,-5.5313702
16.75225,-88.07146,NA,NA,539,4766,2.1443601,-9999,-9999,-9999,-9999,-9999,-9999,-9999,-9999,-9999,-9999,-9999
16.7574,-88.1442,8,2.083333,893.565485704,1736.8729295,2.10969,37.4370995,0.219727,0.199352,0.677857,-0.735194,48.0059013,124.8379974,2.6691501,4.5048599,3.2520399,-0.78534
16.75744,-88.14417,11.33,0.5,721,3396,2.10969,37.4370995,0.219727,0.199352,0.677857,-0.735194,48.0059013,124.8379974,2.6691501,4.5048599,3.2520399,-0.78534
16.76079,-88.07356,27.67,22,1117,5973,2.1440499,-9999,-9999,-9999,-9999,-9999,-9999,-9999,-9999,4.3558698,-9999,-9999
16.7608,-88.0736,16.5,18,285.042009108,337.9377949,2.1440101,-9999,-9999,-9999,-9999,-9999,-9999,-9999,-9999,4.5500398,-9999,-9999
16.76353,-88.07192,NA,NA,982,3524,2.14484,-9999,-9999,-9999,-9999,-9999,-9999,-9999,-9999,-9999,-9999,-9999
16.76369,-87.80431,25.17,9.83,10,21,2.796,0,0.241812,0.0276638,0.732525,0.68074,64.2289963,245.7929993,10.4357004,2.93998,6.2822299,-1.3967
16.76494,-88.0761,18.67,4.5,149,1195,2.1433599,0,-0.364233,0.0161179,-9999,-9999,123.3909988,-9999,-9999,3.8013999,-9999,-12.2470999
16.76858,-88.07501,38,35.5,854,984,2.1441,0,0.18966,0.0223403,0.450918,-0.892565,81.1832962,49.1624985,13.0876999,3.85133,4.27352,-10.4020996
16.7686,-88.075,13.166667,22.833333,299.38209248,547.751806731,2.1441,0,0.18966,0.0223403,0.450918,-0.892565,81.1832962,49.1624985,13.0876999,3.85133,4.27352,-10.4020996
16.7705,-87.8716,27.666667,2.916667,1080.70638943,5435.36305882,2.52353,0,-0.102176,-0.933172,-0.618984,-0.785404,23.3409996,311.92099,1.6234,2.9472799,4.4126301,-6.0346799
16.77758,-88.07501,10,38,248,466,2.1449699,-9999,-9999,-9999,-9999,-9999,-9999,-9999,-9999,4.5079899,-9999,-9999
16.7776,-88.075,17.166667,19.833333,569.661984371,815.242930334,2.1449699,-9999,-9999,-9999,-9999,-9999,-9999,-9999,-9999,4.5079899,-9999,-9999
16.77826,-88.07259,NA,NA,603,1525,2.1459899,-9999,-9999,-9999,-9999,-9999,-9999,-9999,-9999,-9999,-9999,-9999
16.7841,-87.75241,27.83,19.83,940,1439,3.07652,0,0.281204,2.0782399,0.980112,0.198445,66.0430984,345.7749939,5.5532198,5.0756001,4.8221898,-5.90558
16.7841,-87.7524,31.666667,30.416667,456.319668534,3073.1577258,3.07652,0,0.281204,2.0782399,0.980112,0.198445,66.0430984,345.7749939,5.5532198,5.0756001,4.8221898,-5.90558
16.78895,-88.07572,22.67,32.67,174,1972,2.14606,-9999,-9999,-9999,-9999,-9999,-9999,-9999,-9999,3.6878099,-9999,-9999
16.789,-88.0757,12.666667,21.5,256.190427566,1239.33920324,2.1461,-9999,-9999,-9999,-9999,-9999,-9999,-9999,-9999,3.7408299,-9999,-9999
16.78907,-88.07335,NA,NA,154,2305,2.1470499,-9999,-9999,-9999,-9999,-9999,-9999,-9999,-9999,-9999,-9999,-9999
16.8059,-88.07394,NA,NA,449,2362,2.1493399,-9999,-9999,-9999,-9999,-9999,-9999,-9999,-9999,-9999,-9999,-9999
16.8131,-88.07774,29.5,23.5,333,2586,2.14891,0,-0.0649377,-0.0676916,-9999,-9999,59.0630989,-9999,-9999,3.8539701,-9999,-12.8290005
16.8131,-88.0777,14,30.333333,35.8263104999,594.121480831,2.1489501,-9999,-0.155825,-9999,-9999,-9999,27.2744007,-9999,-9999,3.8727901,-9999,-9999
16.81538,-87.85217,34.33,4.83,1785,3662,2.42471,0,-0.368297,1.51741,-9999,-9999,16.5300007,-9999,-9999,3.35831,-9999,-10.6251001
16.81828,-88.07736,25.67,39.5,314,478,2.1500101,-9999,-9999,-9999,-9999,-9999,-9999,-9999,-9999,4.3888502,-9999,-9999
16.8183,-88.0774,15.5,29.5,186.860130712,583.586446674,2.1499701,-9999,-9999,-9999,-9999,-9999,-9999,-9999,-9999,4.3579102,-9999,-9999
16.83376,-88.06993,NA,NA,536,1270,2.1564701,-9999,-9999,-9999,-9999,-9999,-9999,-9999,-9999,-9999,-9999,-9999
16.83489,-88.07456,25.83,38.17,212,672,2.15453,-9999,-9999,-9999,-9999,-9999,-9999,-9999,-9999,4.4287801,-9999,-9999
16.8349,-88.0746,17.666667,28.5,1142.31349413,1201.86516491,2.15448,-9999,-9999,-9999,-9999,-9999,-9999,-9999,-9999,4.4477401,-9999,-9999
16.83796,-87.84392,33.83,3.33,1606,12852,2.44542,-9999,-1.5069,-9999,-9999,-9999,28.0112991,-9999,-9999,4.2385998,-9999,-9999
16.84966,-88.06495,NA,NA,1672,3492,2.16241,-9999,-9999,-9999,-9999,-9999,-9999,-9999,-9999,-9999,-9999,-9999
16.8499,-88.0709,22.333333,28.333333,1108.51980658,910.527450249,2.1594901,-9999,-9999,-9999,-9999,-9999,-9999,-9999,-9999,4.7975202,-9999,-9999
16.84992,-88.07088,45.83,31.17,1586,2273,2.1595399,-9999,-9999,-9999,-9999,-9999,-9999,-9999,-9999,4.84442,-9999,-9999
16.8679,-88.0649,13.666667,33.333333,486.065925569,916.951168689,2.16675,-9999,-9999,-9999,-9999,-9999,-9999,-9999,-9999,3.9251399,-9999,-9999
16.86792,-88.06493,24.33,41.5,381,920,2.16677,-9999,-0.963285,-9999,-9999,-9999,-9999,-9999,-9999,3.9631901,-9999,-9999
16.86805,-88.06128,NA,NA,316,2124,2.16871,-9999,-9999,-9999,-9999,-9999,-9999,-9999,-9999,-9999,-9999,-9999
16.88466,-88.06055,27.17,48,354,2161,2.1732399,0,-1e-07,-2.6e-06,0.494479,-0.869189,6.32e-05,68.0615005,6.4e-06,4.31006,1.6865799,-27.4846001
16.8847,-88.0606,22.666667,21.5,340.221103233,1292.03507307,2.1731801,0,2e-07,0,0.494579,-0.869133,6.33e-05,68.0615997,6.2e-06,4.3618302,1.6865799,-27.2115002
16.88471,-88.0567,NA,NA,561,2253,2.1753399,-9999,-9999,-9999,-9999,-9999,-9999,-9999,-9999,6.3762798,-9999,-9999
16.8853,-87.703,26.333333,10.333333,442.990444796,4649.43687732,3.4265001,0,-0.299408,-1.0578001,-9999,-9999,79.8090973,-9999,-9999,3.8289399,-9999,-13.4596004
16.88532,-87.70304,26.835,12.75,74,695,3.4265001,0,-0.299408,-1.0578001,-9999,-9999,79.8090973,-9999,-9999,3.8289399,-9999,-13.4596004
16.8856,-87.8102,28.888889,8.64,929.825448618,2986.77930719,2.7767,0,0.37168,-0.562976,0.24694,0.969031,19.6292,340.6130066,4.7997699,3.39572,4.3666501,-3.80777
16.8864,-87.7801,17.833333,43.166667,31.0312726164,1825.61470185,2.9465001,0,0.24164,-0.436796,-0.696935,0.717134,135.3820038,21.1914997,12.2755003,3.14029,5.4117599,-2.7634101
16.88644,-87.78005,13.08,25.835,52,231.5,2.9470601,0,-0.0379881,0.181982,-0.50028,-0.865864,135.253006,10.4716997,10.5824003,3.1501601,3.0371399,-2.7347801
16.9036,-88.0542,14.166667,24.166667,664.895748612,841.989371111,2.1814401,0,-1e-07,2.4e-06,0.410952,0.911657,6.37e-05,126.810997,1.57e-05,3.66505,1.59018,-32.3022003
16.90361,-88.05419,20.83,35.5,535,1358,2.1814401,0,-1e-07,2.4e-06,0.410952,0.911657,6.37e-05,126.810997,1.57e-05,3.66505,1.59018,-32.3022003
16.90474,-88.05085,NA,NA,923,2115,2.1835401,-9999,-9999,-9999,-9999,-9999,-9999,-9999,-9999,1.56282,-9999,-9999
16.91365,-88.04752,NA,NA,713,2315,2.1875701,-9999,-9999,-9999,-9999,-9999,-9999,-9999,-9999,1.54065,-9999,-9999
16.9142,-88.0499,17.166667,29,884.636172567,691.283803378,2.1863799,0,5e-07,2.4e-06,0.41098,0.911645,4.79e-05,126.810997,2.4e-06,2.8900101,1.59018,-23.0646992
16.91421,-88.04989,11.33,40.67,746,605,2.1863799,0,5e-07,2.4e-06,0.41098,0.911645,4.79e-05,126.810997,2.4e-06,2.8900101,1.59018,-23.0646992
17.0853,-87.9878,11,13.666667,666.01494948,6527.58919169,2.1949,-9999,-9999,-9999,-9999,-9999,-9999,-9999,-9999,3.7416699,-9999,-9999
17.0975,-88.0077,11.5,7.833333,2125.44089666,1523.26998885,2.1887901,2.0231299,0.114698,-0.259818,0.202933,0.979193,98.5759964,20.2159996,2.9860401,2.9491799,2.7732501,-7.1307201
17.1242,-87.6208,5.285714,48.928571,549.312818941,637.797618402,4.23316,-9999,-9999,-9999,-9999,-9999,-9999,-9999,-9999,2.9289899,-9999,-9999
17.129,-87.615,20.83,8.33,164,473,4.2498598,0,0.310886,-0.415844,-0.993038,-0.117793,57.2983017,191.7550049,0.900244,1.8063,0.0600373,-0.685501
17.131,-87.6064,11.5,5.5,42.1287077216,859.833355024,4.2716699,0,-0.150095,0.493549,0.474222,-0.880405,26.2744007,162.2859955,6.5787101,3.30884,4.6582699,-7.37988
17.13101,-87.60639,10.83,7.67,255,749,4.2716799,0,-0.180878,0.691352,0.948875,-0.315652,19.0452995,207.0240021,4.3302302,3.2442901,3.4063399,-6.8745699
17.132,-87.603,26.5,9.58,263,1206,4.2797098,0,-0.0234155,0.75657,-0.955036,-0.296489,81.9524002,66.274498,5.1793299,3.5901101,4.7385898,-10.1274004
17.1352,-87.6206,6.25,35.875,44.0245413065,1061.75256593,4.2367802,0,-0.168853,0.345288,-0.804713,-0.593664,93.6535034,110.5910034,12.3037004,2.25437,1.027,-3.5924399
17.13524,-87.62064,6.5,34.25,284,1204,4.2365499,0,-0.0326007,1.00756,-0.732627,-0.680631,110.5220032,66.7220993,12.3028002,2.2265899,4.8051,-2.9223199
17.14891,-87.90773,NA,NA,513,3918,2.24387,-9999,-9999,-9999,-9999,-9999,-9999,-9999,-9999,-9999,-9999,-9999
17.15318,-87.59994,19.83,3.17,1065,1238,4.2909598,0,-0.158173,-0.181415,-0.745557,-0.666441,70.2238998,267.7650146,5.1738801,1.35464,1.33064,-2.2370901
17.15698,-87.90921,18.67,5.92,705.5,1523.5,2.23859,0,-0.376897,-9999,-9999,-9999,39.1609001,-9999,-9999,2.8454399,-9999,-9999
17.157,-87.9092,20.5,4.166667,1643.72164168,867.560681395,2.2385399,0,-0.337435,-9999,-9999,-9999,47.8288002,-9999,-9999,2.8426199,-9999,-9999
17.157,-87.9079,20.666667,23.583333,4169.74651972,930.488027337,2.24015,-9999,-9999,-9999,-9999,-9999,-9999,-9999,-9999,2.93331,-9999,-9999
17.15853,-87.91023,NA,NA,1100,2705,2.2365799,0,-0.177213,-0.440693,-0.982242,-0.187617,102.4290009,128.9940033,4.6606898,2.65639,2.66941,-5.29737
17.15853,-87.91022,27,8.17,1865,3182,2.2365799,0,-0.177213,-0.440693,-0.982242,-0.187617,102.4290009,128.9940033,4.6606898,2.65639,2.66941,-5.29737
17.1692,-87.6317,13.17,7.33,2112,1686,4.2185001,-9999,-9999,-9999,-9999,-9999,-9999,-9999,-9999,2.79199,-9999,-9999
17.18617,-87.61214,17.33,13.5,123,795,4.2764602,0,0.0597797,-1.21582,-0.668679,-0.743551,84.370697,135.927002,1.49193,1.97759,2.10288,-3.0708599
17.1862,-87.6121,23.25,7.375,207.208826888,1046.74607027,4.2764602,0,0.0597797,-1.21582,-0.668679,-0.743551,84.370697,135.927002,1.49193,1.97759,2.10288,-3.0708599
17.19558,-87.9318,9.83,6,846,2086,2.06687,12.2831001,-0.355986,-9999,-9999,-9999,0,-9999,-9999,2.4246199,-9999,-9999
17.20319,-87.52493,2.67,23.17,410,1659,4.4848399,-9999,-9999,-9999,-9999,-9999,-9999,-9999,-9999,6.00071,-9999,-9999
17.2032,-87.5422,13.875,26.4375,18392.450769,1398.88896607,4.4843502,-9999,-0.359536,-9999,-9999,-9999,3.0995901,-9999,-9999,3.9576399,-9999,-9999
17.2032,-87.5249,5.75,11,1250.8024815,545.957915115,4.4848399,-9999,-9999,-9999,-9999,-9999,-9999,-9999,-9999,6.00071,-9999,-9999
17.20323,-87.54223,15.33,30.67,858,2927,4.4843502,-9999,-0.359536,-9999,-9999,-9999,3.0995901,-9999,-9999,3.9576399,-9999,-9999
17.2034,-87.5281,5.375,0.75,141.262631985,1166.36500369,4.4849501,0,0.503734,0.320291,-0.87112,-0.49107,78.1083984,160.7350006,18.1089001,5.9496298,1.53921,-1.30707
17.20341,-87.52811,5.83,0,317,914,4.4849501,0,0.503734,0.320291,-0.87112,-0.49107,78.1083984,160.7350006,18.1089001,5.9496298,1.53921,-1.30707
17.2066,-87.5307,9.125,8.75,1953.99400974,1205.64687566,4.4878502,-9999,-0.664123,-9999,-9999,-9999,-9999,-9999,-9999,1.58667,-9999,-9999
17.2237,-87.5638,12.5,28.0625,6223.49803197,1264.03290898,4.5015702,0,0.268867,2.54777,0.678575,0.734531,111.5839996,321.2669983,16.1809998,3.6417501,1.67263,-0.654815
17.2243,-87.6046,10.75,5.5,87.1507054268,490.509759367,4.3155699,0,-0.0555946,-0.41969,0.289616,0.957143,104.0339966,321.7189941,2.6722701,2.7535,2.31551,-1.86877
17.22598,-87.60154,12.83,40.25,491,843,4.49547,0,-0.0026075,0.0604254,-0.479815,-0.87737,160.7879944,305.8049927,8.7557001,3.2277901,3.3557701,-6.7550702
17.226,-87.6015,20.571429,25.428571,95.6082314468,290.929616719,4.49547,0,-0.0026075,0.0604254,-0.479815,-0.87737,160.7879944,305.8049927,8.7557001,3.2277901,3.3557701,-6.7550702
17.24508,-88.05223,31.585,11.25,218.5,5021.5,2.0105901,0,0.839402,0.746718,-0.886936,-0.461892,94.1032028,342.9140015,47.6049004,10.4505997,13.7445002,-1.03142
17.2451,-88.0522,26.5,1,602.720440248,1292.90926539,2.0105901,0,0.839402,0.746718,-0.886936,-0.461892,94.1032028,342.9140015,47.6049004,10.4505997,13.7445002,-1.03142
17.24799,-87.83337,NA,NA,687,4192,2.67327,-9999,-9999,-9999,-9999,-9999,-9999,-9999,-9999,3.21473,-9999,-9999
17.24799,-87.83336,13.5,27.58,352,668,2.67327,-9999,-9999,-9999,-9999,-9999,-9999,-9999,-9999,3.21473,-9999,-9999
17.248,-87.8334,13.833333,16.916667,349.176773302,1096.67189775,2.67327,-9999,-9999,-9999,-9999,-9999,-9999,-9999,-9999,3.21473,-9999,-9999
17.2486,-87.83705,16.83,11.58,1840.5,1000.5,2.6503,9.1231403,-0.22095,0.16282,0.658198,-0.752845,61.0439987,181.3600006,13.5172005,4.00349,4.7372098,-10.4996004
17.2486,-87.8337,19.166667,13.166667,115.799502394,1232.30009981,2.67067,-9999,-9999,-9999,-9999,-9999,-9999,-9999,-9999,4.0016098,-9999,-9999
17.24913,-87.83865,11.5,9.5,154,698,2.64031,10.0886002,0.007021,-1.0625401,-0.236771,-0.971566,55.3928986,167.8359985,1.98576,3.0836301,8.59548,-4.4567099
17.25097,-87.8386,15.5,13.83,251,1875,2.63942,9.7261295,-0.0181403,0.131525,-0.698925,0.715195,95.137001,33.760601,0.373063,1.5997699,1.50524,-0.357906
17.25613,-87.95623,10.83,0.33,929.5,1612.5,1.99336,12.6679001,-0.0952507,0.671568,-0.241739,0.970341,78.2856979,127.4789963,2.8555901,2.5664501,1.91066,-4.0994101
17.2574,-87.572,16.415,6.25,332.398466517,1214.15130295,4.5330701,0,-0.445544,-9999,-9999,-9999,4.4822502,-9999,-9999,4.0616598,-9999,-9999
17.25742,-87.57198,17,7.17,416,658,4.5330701,0,-0.445544,-9999,-9999,-9999,4.4822502,-9999,-9999,4.0616598,-9999,-9999
17.2587,-87.9593,6.833333,0,71.4467886736,616.807322773,1.98974,10.8934002,0.117394,0.200329,-0.919564,-0.392939,57.9143982,248.5899963,6.3046398,3.14135,2.0878799,-5.9774599
17.25871,-87.95925,9.33,0.5,288,1718,1.98961,10.8641996,0.26317,-0.0335937,-0.0718996,-0.997412,67.8370972,268.5339966,5.3738298,3.14779,2.51459,-5.9879599
17.2591,-87.5558,23.67,22.67,356,3171,4.5397701,0,0.0586634,1.09462,-0.898512,-0.438949,98.7086029,298.9060059,3.37005,3.2255199,1.97514,-0.733626
17.2603,-87.96102,10.83,3.5,445,1637,1.98736,-9999,-9999,-9999,-9999,-9999,-9999,-9999,-9999,3.6522501,-9999,-9999
17.2603,-87.961,12.5,3.833333,299.837375915,1278.04732805,1.98737,-9999,-9999,-9999,-9999,-9999,-9999,-9999,-9999,3.63309,-9999,-9999
17.3072,-88.0538,27.333333,1,676.192357541,2854.0640836,1.92986,2.02143,0.0414645,-1.38289,-0.189103,0.981957,16.9417992,183.9730072,23.5107002,7.9254498,20.9904995,-11.4980001
17.3097,-87.584,26.33,6.17,2829,2373,4.4910498,-9999,-1.60611,-9999,-9999,-9999,-9999,-9999,-9999,3.8148799,-9999,-9999
17.3097,-87.58365,15.83,2.17,266,2454,4.4917998,0,-0.494062,-0.0726524,-0.587454,0.809257,47.7504997,316.3580017,-9999,3.44803,1.24318,-11.0169001
17.3097,-87.5836,16.75,15.5,1502.03953201,637.812108121,4.4917998,0,-0.494062,-0.0726524,-0.587454,0.809257,47.7504997,316.3580017,-9999,3.44803,1.24318,-11.0169001
17.3147,-87.5345,14,32.75,1426.85390204,858.290252,4.6114502,0,-0.192189,0.310806,-0.760908,-0.64886,104.8359985,355.7059937,7.4161,6.0960898,22.5219002,-5.7019901
17.31648,-87.53019,6.5,17.67,498,5414,4.6152301,0,-0.446822,-1.15413,-0.97596,-0.217949,79.0787964,135.3079987,4.7533302,4.54319,1.32162,-4.91746
17.3165,-87.5302,10.375,18.4375,256.133165716,2587.29728438,4.6152301,0,-0.446822,-1.15413,-0.97596,-0.217949,79.0787964,135.3079987,4.7533302,4.54319,1.32162,-4.91746
17.31848,-88.0425,16.92,9.04,318,4858,1.91187,3.7885499,0.546962,0.491287,0.747171,0.664631,77.7350006,176.6560059,47.9744987,6.7210398,14.2207003,-4.7912302
17.3185,-88.0425,12.166667,4.583333,629.66012114,2742.57433006,1.91176,3.8562801,0.686173,1.02448,0.997906,-0.0646848,99.2421036,125.598999,29.3209,6.8049898,2.7849801,-3.9528601
17.33352,-87.78812,NA,NA,415,1813,2.96929,164.2610016,0.015274,0.104875,-0.427326,-0.904098,100.637001,73.3859024,6.8755698,2.7801499,3.8770199,-1.9547
17.33406,-87.78709,20.33,33.33,258,1938.5,2.9776001,156.5,-0.0010007,-0.0089939,-0.940373,-0.340144,94.2595978,78.8869019,8.2555599,3.71696,3.4365599,-9.1434202
17.3341,-87.7871,13.416667,23.75,94.1169852406,1141.33867469,2.9776001,156.5,-0.0010007,-0.0089939,-0.940373,-0.340144,94.2595978,78.8869019,8.2555599,3.71696,3.4365599,-9.1434202
17.3344,-87.7877,18.333333,11.25,743.729228638,2210.81035279,2.97208,156.723999,0.140481,-0.105088,-0.337154,0.94145,23.9020004,77.3128967,13.5601997,3.3455701,6.9508901,-5.4749799
17.3513,-87.482,16.17,20.42,1234,1628,4.65769,-9999,-9999,-9999,-9999,-9999,-9999,-9999,-9999,-9999,-9999,-9999
17.3521,-88.0385,33.5,6,203.700844422,1938.91403603,1.87336,13.6246996,-0.119649,0.375607,0.971264,-0.238007,90.9453964,87.7242966,4.4184098,1.9252,1.97278,-0.704639
17.3524,-88.1501,14.166667,3.916667,1159.01688248,1790.67046558,1.93454,608.2509766,0.0725099,-0.36888,-0.903,0.429641,87.6964035,65.5294037,0.701437,1.8083,0.457897,-0.837141
17.3568,-88.1709,2.333333,3.833333,565.781489564,916.052215913,1.9396,1675.9899902,-0.25391,0.371234,-0.991801,-0.12779,41.2305984,198.0480042,17.6107998,3.3061399,5.3668199,-8.6848097
17.38347,-87.93974,10.17,11.5,529.5,1660.5,1.9323699,0,0.0561593,0.0342165,-0.853046,0.521836,40.4412994,304.1849976,6.0928402,2.89835,4.2207899,-5.3305202
17.3835,-87.9397,11.166667,6,861.972895717,3749.51300261,1.93256,0,0.0138445,0.321732,-0.931153,0.364628,41.4646988,310.6440125,9.7757101,2.84812,2.2176499,-4.65695
17.38359,-87.93821,17.67,2.17,197,1458,1.9355299,0,0.225501,-0.286133,0.98238,-0.186892,85.8117981,200.8739929,2.4418499,2.214,0.213938,-0.586337
17.3836,-87.9382,10.166667,1.5,439.623561469,502.218440812,1.9355299,0,0.225501,-0.286133,0.98238,-0.186892,85.8117981,200.8739929,2.4418499,2.214,0.213938,-0.586337
17.3837,-87.5184,3.875,65.8125,553.68965992,143.570473269,4.68607,0,0.100551,1.06365,-0.799885,0.600153,48.8787994,165.8609924,3.8430099,2.5246501,3.2090499,-1.3848701
17.385,-88.04222,39.83,0.5,172,10780,1.8474801,49.8423004,-0.20926,0.84069,0.324106,-0.946021,87.8237,93.0070038,6.8706398,1.75502,2.5676401,-0.884269
17.38659,-87.93578,15.33,2,191,903,1.93741,0,-0.0434484,0.278556,-0.0118393,-0.99993,95.4753036,237.1779938,3.05057,1.77123,1.94565,-2.6803801
17.3866,-87.9358,22.166667,0.333333,166.99180749,595.100560122,1.9372,0,0.0317855,-0.527354,-0.563895,-0.825847,109.625,299.4230042,1.1101201,1.82315,0.947661,-3.1315899
17.38828,-88.0456,9.5,14,798,1862,1.84719,79.2036972,0.316194,-0.580848,0.357255,-0.934007,30.7849998,124.4580002,24.1520996,5.4793401,8.8935604,-2.6243801
17.3883,-88.0456,19.166667,14.666667,351.480989655,1209.9922507,1.84719,79.2036972,0.316194,-0.580848,0.357255,-0.934007,30.7849998,124.4580002,24.1520996,5.4793401,8.8935604,-2.6243801
17.39226,-87.46236,14.33,11.33,402,974,4.7210598,-9999,-9999,-9999,-9999,-9999,-9999,-9999,-9999,6.6019502,-9999,-9999
17.3923,-87.4624,8,15.0625,853.969467828,572.629577276,4.7210598,-9999,-9999,-9999,-9999,-9999,-9999,-9999,-9999,6.4882598,-9999,-9999
17.3936,-87.4635,17.25,1,94.2591102254,755.261130442,4.7213898,0,0.348454,1.1596,0.688084,-0.725631,64.1619034,112.2850037,36.6011009,4.6170301,10.3597002,-1.48366
17.39364,-87.46348,17.67,12.67,140,847,4.7214098,0,-0.287967,0.928921,-0.823886,0.566756,74.228302,52.8045006,20.8563004,4.5557599,4.53162,-1.98738
17.3956,-87.46557,30.5,6.08,111,6890,4.6875801,0,0.0143039,-0.142143,-0.687046,0.726614,101.6569977,291.355011,1.41629,1.1526901,0.662235,-0.54877
17.41428,-87.8094,14,18.17,1014,5630,2.4092,155.9539948,-0.168204,1.6734101,0.999996,0.0027213,91.1781006,69.1177979,2.2253699,3.5462401,3.27492,-0.705794
17.4303,-87.45177,23,16.08,484,1984,4.7274799,0,0.0384392,-0.0288718,-9999,-9999,49.6711006,-9999,-9999,4.6516199,-9999,-11.7289
17.43809,-87.534,8.5,1.17,233,2932,4.6931701,0,0.0405204,-0.597971,0.819102,0.573647,116.4700012,107.4250031,6.1573,3.0044401,1.29826,-1.6872801
17.4381,-87.534,3.875,4.875,8.39857415292,1040.42258808,4.6931701,0,0.0405204,-0.597971,0.819102,0.573647,116.4700012,107.4250031,6.1573,3.0044401,1.29826,-1.6872801
17.4432,-87.5293,15.5,19.3125,1312.83189486,1596.35469791,4.7011299,0,-0.188533,0.0275086,-0.342709,-0.939442,132.3890076,331.0880127,5.3666701,3.7888701,12.0743999,-3.0451601
17.4459,-87.5283,9.75,28.6875,458.358428548,1185.40197417,4.7035599,-9999,-3.61517,-9999,-9999,-9999,0,-9999,-9999,5.0244899,-9999,-9999
17.44595,-87.52826,9.33,37.25,746,998,4.7035599,-9999,-3.61517,-9999,-9999,-9999,0,-9999,-9999,5.0244899,-9999,-9999
17.4481,-88.0584,17.333333,1.166667,487.540265198,372.065711679,1.82653,6172.6699219,0.0103574,0.0370424,0.381619,-0.92432,24.7360001,250.147995,1.39036,0.501724,0.215081,-2.84148
17.4496,-88.0324,29.335,11.585,1308.5,6521.5,1.81065,401.1549988,-0.693617,-2.70509,-0.989342,-0.145613,91.2398987,204.3500061,45.4327011,16.3474007,5.6494899,-30.0499992
17.46172,-87.49525,21.67,22.25,544,2426,4.73,0,0.0996024,-0.250718,0.995727,0.0923495,86.9872971,106.9069977,6.7490702,2.1162701,1.7128,-0.419654
17.4618,-87.4986,8,20.25,76.1104018736,19891.6155745,4.73,0,-0.0494953,0.0237049,-0.56636,-0.824158,107.3909988,41.8093987,2.0897999,2.20261,1.01538,-1.90736
17.47189,-87.48732,4.67,22.83,82,613,4.7301798,0,0.286829,-0.250389,0.140182,0.990126,120.8160019,315.5889893,17.3258991,3.53562,1.3642499,-0.463668
17.4719,-87.4873,4,34,117.6601088,2888.58018515,4.7301798,0,0.286829,-0.250389,0.140182,0.990126,120.8160019,315.5889893,17.3258991,3.53562,1.3642499,-0.463668
17.4735,-87.4864,5.25,36.5,1246.52023368,1050.9693442,4.7301898,0,-0.589107,0.428541,-0.571094,-0.820885,133.3339996,337.1130066,-9999,4.9433799,3.23786,-10.5761995
17.47736,-87.78485,NA,NA,630,1504,2.5609901,83.8377991,-0.490583,-0.045859,-9999,-9999,40.2871017,-9999,-9999,6.4271698,-9999,-11.7433996
17.47784,-87.78187,NA,NA,422,3326,2.58325,-9999,-9999,-9999,-9999,-9999,-9999,-9999,-9999,-9999,-9999,-9999
17.4882,-88.04193,30.5,4,174,5157,1.80856,282.7650146,-0.0493836,-0.0286364,-0.0954048,0.995439,11.9953003,83.3478012,0.697954,4.6169801,1.45029,-5.9539599
17.51,-87.7492,7.833333,9.333333,721.828287407,2758.21455018,3.2669899,-9999,-9999,-9999,-9999,-9999,-9999,-9999,-9999,5.7651701,-9999,-9999
17.51001,-87.74921,8.83,23.58,421,1497.5,3.2669899,-9999,-9999,-9999,-9999,-9999,-9999,-9999,-9999,5.7651701,-9999,-9999
17.5101,-87.7499,15.833333,9.166667,968.739040916,3974.78979791,3.2604899,0,-0.43994,-9999,-9999,-9999,0,-9999,-9999,6.6069102,-9999,-9999
17.51015,-87.74994,NA,NA,582,3098,3.2595601,0,0.0603696,-9999,-9999,-9999,74.7678986,-9999,-9999,6.5408502,-9999,-9999
17.54603,-87.82514,NA,NA,225,1790,2.28813,0,-0.135726,-9999,-9999,-9999,102.5139999,-9999,-9999,3.1006401,-9999,-9999
17.5465,-87.8228,19.666667,13,2918.42801427,3558.43709589,2.30077,0,-0.0299539,-0.1228,0.33876,0.940873,99.2828979,283.9689941,6.64252,2.97575,6.26717,-5.1761098
17.54654,-87.82282,17.17,19.83,630,467,2.30077,0,-0.0299539,-0.1228,0.33876,0.940873,99.2828979,283.9689941,6.64252,2.97575,6.26717,-5.1761098
17.5467,-87.8219,38.833333,0.166667,110.425207567,1347.0318025,2.3060999,0,0.122551,-0.194954,0.956155,0.29286,91.8023987,239.0579987,4.0106201,2.55847,1.27256,-1.50572
17.54674,-87.82186,8.83,4.17,216,1171,2.3060801,0,0.187159,0.141434,0.771787,-0.635881,94.1608963,256.92099,6.2490401,2.56165,2.56409,-1.24927
17.54707,-87.82041,19.83,0.33,48,427,2.3146801,0,0.0128789,-0.152608,-0.397996,0.917387,74.6912003,64.8119965,2.29354,1.75521,1.30258,-0.860237
17.54716,-87.82292,NA,NA,187,1953,2.3001201,0,-0.108774,0.373437,0.765891,-0.642971,17.3195992,319.743988,7.8330598,3.1186299,2.80564,-7.77527
17.54819,-87.821,32.17,0,3054,4283,2.3112099,0,-0.0257637,-0.233492,-0.494879,0.868962,17.3356991,278.5490112,5.18855,2.3443799,1.88657,-2.6045699
17.56664,-87.7489,14.5,9.5,3140,5631,3.27105,0,0.0225307,-0.0567977,0.464414,-0.885618,102.2779999,237.6730042,7.6192598,1.1597199,2.4403501,-0.612168
17.6205,-87.7884,26.666667,23.75,2731.46029574,2941.30413556,2.8956599,0,0.109436,-0.56443,-0.991081,0.133257,72.1763992,273.1849976,11.3807001,2.6064999,4.0316601,-1.56699
17.62051,-87.78842,21.33,21,320,2599,2.8956599,0,0.109436,-0.56443,-0.991081,0.133257,72.1763992,273.1849976,11.3807001,2.6064999,4.0316601,-1.56699
17.6211,-87.7889,13.666667,14.916667,2194.20443159,3243.48105818,2.8913801,0,0.153648,-0.709762,0.917942,0.396714,54.5597992,314.5669861,5.0191598,3.0766301,4.0142498,-4.97293
17.62112,-87.78891,12.17,25.5,98,2144,2.8913801,0,0.153648,-0.709762,0.917942,0.396714,54.5597992,314.5669861,5.0191598,3.0766301,4.0142498,-4.97293
17.62194,-87.78979,NA,NA,208,2010,2.8828199,0,-0.0130227,-1.60136,0.902252,-0.43121,112.8290024,219.4660034,9.4308004,3.8159201,3.18859,-9.6142998
17.62305,-87.79146,NA,NA,482,1635,2.8683,-9999,-9999,-9999,-9999,-9999,-9999,-9999,-9999,4.3020201,-9999,-9999
17.6876,-88.0161,9.666667,7.833333,491.812951072,5773.25678953,1.77815,4.1949201,-0.0163395,-0.100355,0.854337,-0.51972,38.776001,225.647995,2.0285101,1.39701,1.0829099,-1.53588
17.68764,-88.01608,43.83,4.5,178,1779,1.77815,4.1949201,-0.0163395,-0.100355,0.854337,-0.51972,38.776001,225.647995,2.0285101,1.39701,1.0829099,-1.53588
17.7256,-88.0109,11.666667,16.166667,652.809657823,5211.43528159,1.7639199,14.3092003,-0.0060634,-0.0525804,-0.727992,-0.685586,50.9249992,186.1089935,2.97382,1.1293401,0.839289,-1.67454
17.7704,-87.9914,4.083333,18.5,891.144986114,4924.32500147,1.7454,3.1900001,-0.0446531,-0.030704,-0.507789,-0.861481,41.574501,29.3125,2.73771,3.0262799,3.21262,-17.6982002
17.77042,-87.99141,11.17,26.83,753,2324,1.7454,3.1900001,-0.0446531,-0.030704,-0.507789,-0.861481,41.574501,29.3125,2.73771,3.0262799,3.21262,-17.6982002
17.7996,-87.9954,8.333333,16,486.249945806,1477.72678485,1.73454,0,-0.0758972,-0.0050745,-0.0533144,0.998578,42.5867996,278.0840149,1.9022501,1.14732,0.970861,-1.37561
17.79961,-87.99541,31.25,14,999,1295,1.73454,0,-0.0758972,-0.0050745,-0.0533144,0.998578,42.5867996,278.0840149,1.9022501,1.14732,0.970861,-1.37561
17.8193,-87.9869,4.666667,33.5,393.08508885,1218.11973648,1.72834,0,-0.0057599,-0.0989779,0.999233,0.0391698,8.8221998,119.4199982,1.6134599,1.65811,1.65114,-9.44771
17.81931,-87.98686,9.585,18.83,603,1326.5,1.72834,0,-0.0137777,-0.041549,0.61355,-0.789656,8.03228,112.1869965,1.96702,1.687,1.46734,-9.6772299
17.8426,-87.9794,10.714286,31.571429,960.937485088,2301.08859053,1.7225699,0,-0.0262336,-0.232225,0.799336,0.600885,17.4053001,76.0428009,1.83025,2.4284999,3.5318401,-13.2554998
17.85897,-87.97327,22.83,42.67,669,694,1.7194999,0,-0.133326,0.158956,-0.272438,-0.962173,35.9556007,60.9850998,2.2375801,3.5969801,2.7734301,-15.8724003
17.8684,-87.9722,13.5,29.5,582.586485439,2257.99797089,1.71808,0,0.0302853,-0.0140107,-0.998755,-0.0498872,7.2403798,103.7220001,0.438158,1.97185,1.61181,-6.39079
17.8817,-87.9695,5.333333,21.583333,1867.15942604,587.348582575,1.71646,0,-0.0548427,0.0002941,-0.985304,-0.170811,99.2985001,223.2250061,0.701135,0.819106,0.0505036,-0.998701
17.8817,-87.96947,9.915,23.915,643,824,1.71646,0,-0.0689105,-0.0368492,0.205411,0.978676,80.5572968,277.8240051,1.80793,0.839449,0.110327,-1.00051
17.93406,-87.93876,16.75,23.085,354.5,1641,1.76803,0,0.0209652,-0.100038,0.602212,0.798337,12.5801001,145.4380035,0.914626,2.0385101,1.46856,-8.5921402
17.9341,-87.9388,13,40.416667,423.710329065,2579.05696812,1.76803,0,0.0209652,-0.100038,0.602212,0.798337,12.5801001,145.4380035,0.914626,2.0385101,1.46856,-8.5921402
17.99067,-87.90297,20.17,29.17,43,507,1.81824,0,0.0016967,-0.0016367,-0.555115,0.831774,23.7705002,140.3890076,2.8204401,2.9561701,1.8516099,-14.5955
17.9907,-87.903,9.166667,40.416667,115.551414763,1242.65042017,1.81822,0,-0.0036326,0.3057,0.722832,0.691024,25.8367996,101.2939987,1.16558,2.9530499,1.13147,-14.4138002
18.06523,-87.87831,NA,NA,146,573,1.87348,0,-0.100434,-0.149843,0.645913,-0.763411,69.6165009,219.0429993,2.8089001,1.08119,0.478675,-2.48279
18.06742,-87.86975,NA,NA,211,1335,1.9011,0,0.0532012,0.0491161,-0.994338,-0.106259,109.2020035,317.4070129,5.9184699,2.91065,1.42974,-16.8206997
18.08799,-87.86372,14.5,18,380,2752,1.9180599,0,-0.136281,-0.0205318,0.68307,0.730353,71.9182968,25.9515991,0.431836,3.1905601,2.54755,-13.3368998
18.088,-87.8637,7.833333,32.583333,969.486603058,1947.45580628,1.9180599,0,-0.136281,-0.0205318,0.68307,0.730353,71.9182968,25.9515991,0.431836,3.1905601,2.54755,-13.3368998
18.08934,-87.86808,NA,NA,88,795,1.9023401,0,0.3131,-0.115576,0.922471,-0.386067,27.7807007,257.2139893,21.1294003,3.7481799,9.4651003,-1.56023
18.0974,-87.85613,NA,NA,236,2082,1.94442,0,0.0808712,-0.0072076,-0.758977,0.651118,18.7341003,140.6629944,0.75195,2.5525,1.8573101,-11.9688997
18.09995,-87.85304,NA,NA,462,1251,1.95575,0,0.0128011,-0.303159,-0.801165,0.598443,43.6423988,165.8630066,2.22931,3.158,1.75425,-15.3479996
18.1125,-87.84692,20.67,27.58,834,918,1.97765,0,0.0747732,0.0081334,-0.984737,0.174052,98.8219986,317.1260071,0.730235,1.28091,0.239511,0.129871
18.11352,-87.83405,NA,NA,9,976,2.0366499,0,0.116289,-0.346712,0.807392,-0.590015,33.9369011,250.6959991,0.818045,4.26475,2.28529,-17.7285004
18.11949,-87.82177,NA,NA,58,1175,2.0982499,0,-0.194017,0.119861,0.910978,-0.412455,12.0417995,169.220993,27.1833992,3.5348401,14.6477003,-18.5564995
18.16356,-87.83042,NA,NA,445,549,2.2869201,0,0.0772215,0.305713,0.616104,0.787665,95.4564972,19.7565994,7.4635601,1.171,1.68402,-3.8231699
18.16878,-87.834,13.25,22.835,1077.5,2325,2.26002,0,0.0433495,0.0552782,-0.768753,-0.639546,38.9145012,204.8970032,2.8405299,0.627657,0.952931,-1.892
18.17344,-87.82841,NA,NA,1119,2946,2.2985499,0,-0.899408,-0.385214,-0.562195,-0.827005,107.6360016,85.7967987,44.0586014,3.24213,15.2411003,-12.4007998
18.17413,-87.83186,NA,NA,161,372,2.2734101,0,-0.0544445,-0.0177031,-0.528982,0.848633,93.0457993,171.7740021,0.117337,0.915253,0.0896059,-1.21348
18.17546,-87.828,13.08,34.08,600,1626.5,2.30057,0,0.222133,0.0496373,0.173697,-0.984799,24.9508991,287.6300049,1.40034,5.0726299,0.926536,-4.5408602
18.1755,-87.828,4.666667,38.5,277.827499591,1505.92797187,2.30053,0,0.324431,-0.0901629,-0.167485,-0.985875,18.4631004,299.8540039,2.6942599,5.06182,1.19933,-4.6384602
18.1807,-87.8284,2.666667,40.75,587.410297596,4397.93077058,2.2959001,0,0.0018297,-0.0457058,-0.999387,-0.0349981,50.5830002,116.2740021,4.0922098,4.5065398,1.77434,-19.8307991
18.18163,-87.82744,NA,NA,814,1038,2.3023701,0,0.494181,-1.37001,-0.135786,-0.990738,30.031601,255.904007,3.28122,4.4842401,20.1870003,-13.5129004
18.186,-87.83305,13.085,13,1679.5,667,2.26104,0,0.0009311,0.0111327,0.568432,-0.82273,82.6647034,55.5825005,0.312592,0.986124,0.147924,-0.7088
